".y.","group1","group2","n1","n2","statistic","p","p.adj","p.adj.signif"
"Shannon","1:10","1:1000",24,24,2.10320455204792,0.0354478925524608,0.0354478925524608,"*"
